{
  "version": 1,
  "author": "Anonymous maker",
  "editor": "wokwi",
  "parts": [
    { "type": "wokwi-arduino-mega", "id": "mega", "top": -28.2, "left": 82.8, "attrs": {} },
    { "type": "wokwi-hc-sr04", "id": "ultrasonic1", "top": -17.7, "left": -90.5, "attrs": {} },
    {
      "type": "wokwi-pushbutton",
      "id": "btn1",
      "top": -166.6,
      "left": -182.4,
      "attrs": { "color": "green" }
    },
    {
      "type": "wokwi-7segment",
      "id": "sevseg1",
      "top": 53.82,
      "left": 567.52,
      "attrs": { "digits": "4" }
    }
  ],
  "connections": [
    [ "ultrasonic1:VCC", "mega:5V", "red", [ "v134.4", "h259.2" ] ],
    [ "ultrasonic1:GND", "mega:GND.3", "black", [ "v163.2", "h27.6" ] ],
    [ "ultrasonic1:TRIG", "mega:9", "green", [ "v96", "h-106", "v-278.4", "h364.8" ] ],
    [ "ultrasonic1:ECHO", "mega:10", "green", [ "v38.4", "h-135.2", "v-240", "h355.2" ] ],
    [ "btn1:1.r", "mega:GND.2", "green", [ "v0", "h19.4", "v374.4", "h355.2" ] ],
    [ "btn1:2.r", "mega:11", "green", [ "h0" ] ],
    [ "sevseg1:DIG1", "mega:12", "green", [ "v-144", "h-38.39" ] ],
    [ "sevseg1:A", "mega:2", "green", [ "v-153.6", "h-326.4" ] ],
    [ "sevseg1:F", "mega:7", "green", [ "v-172.8", "h-9.6" ] ],
    [ "sevseg1:DIG2", "mega:13", "green", [ "v-182.4", "h-9.6" ] ],
    [ "sevseg1:DIG3", "mega:14", "green", [ "v-201.6", "h-268.8" ] ],
    [ "sevseg1:B", "mega:3", "green", [ "v-220.8", "h-9.6" ] ],
    [ "sevseg1:E", "mega:6", "green", [ "v104.76", "h-278.39" ] ],
    [ "sevseg1:D", "mega:5", "green", [ "v133.56", "h-316.8", "v-9.6" ] ],
    [ "sevseg1:C", "mega:4", "green", [ "v152.76", "h-336" ] ],
    [ "sevseg1:G", "mega:8", "green", [ "v171.96", "h-393.6", "v-9.6" ] ],
    [ "sevseg1:DIG4", "mega:15", "green", [ "v200.76", "h-134.4" ] ]
  ],
  "dependencies": {}
}