{
  "version": 1,
  "author": "Anonymous maker",
  "editor": "wokwi",
  "parts": [
    { "type": "wokwi-arduino-mega", "id": "mega", "top": 0.6, "left": 130.8, "attrs": {} },
    { "type": "wokwi-hc-sr04", "id": "ultrasonic1", "top": 1.5, "left": -128.9, "attrs": {} },
    {
      "type": "wokwi-pushbutton",
      "id": "btn1",
      "top": -89.8,
      "left": -96,
      "attrs": { "color": "green" }
    },
    {
      "type": "wokwi-7segment",
      "id": "sevseg1",
      "top": 265.02,
      "left": 509.92,
      "attrs": { "digits": "4" }
    }
  ],
  "connections": [
    [ "ultrasonic1:VCC", "mega:5V", "red", [ "v182.4", "h355.2" ] ],
    [ "ultrasonic1:GND", "mega:GND.3", "black", [ "v201.6", "h18" ] ],
    [ "ultrasonic1:TRIG", "mega:9", "green", [ "v28.8", "h114.8", "v-211.2", "h220.8" ] ],
    [ "ultrasonic1:ECHO", "mega:10", "green", [ "v48", "h133.6", "v-201.6", "h182.4", "v-9.6" ] ],
    [ "btn1:1.r", "mega:GND.2", "green", [ "v0", "h77", "v297.6", "h259.2" ] ],
    [ "btn1:2.r", "mega:11", "green", [ "h38.6", "v19.4", "h259.2" ] ],
    [ "sevseg1:DIG1", "mega:12", "green", [ "v-297.6", "h-316.79" ] ],
    [ "sevseg1:A", "mega:2", "green", [ "v-316.8", "h-211.2" ] ],
    [ "sevseg1:F", "mega:7", "green", [ "v-336", "h-259.2" ] ],
    [ "sevseg1:DIG2", "mega:13", "green", [ "v-355.2", "h-19.2" ] ],
    [ "sevseg1:DIG3", "mega:14", "green", [ "v-374.4", "h-201.6" ] ],
    [ "sevseg1:B", "mega:3", "green", [ "v-393.6", "h-278.4" ] ],
    [ "sevseg1:E", "mega:6", "green", [ "v56.76", "h-191.99" ] ],
    [ "sevseg1:D", "mega:5", "green", [ "v75.96", "h-230.4" ] ],
    [ "sevseg1:C", "mega:4", "green", [ "v95.16", "h-96" ] ],
    [ "sevseg1:G", "mega:8", "green", [ "v114.36", "h-307.2", "v-441.6" ] ],
    [ "sevseg1:DIG4", "mega:15", "green", [ "v143.16", "h-172.8", "v-9.6" ] ]
  ],
  "dependencies": {}
}